year,id,Field,QRA,LRA,CRA,RTR,ITR,NWR,ATR,ETR,FAT,LTA,CAT,GPM,EBI,NPM,REQ,ROA,CAS,ICU,CEQ,LTE,STF,STD,ICR,DER,LER,TFD
2012,11,Manufacturing,0.535714285714286,0.535714285714286,0.428571428571429,Inf,NaN,-208.923076923077,0.0632098305715882,0.0705894583636553,Inf,Inf,181.066666666667,1,0.98379970544919,0.98379970544919,0.0694458883459819,0.0621858126978216,0.000349097002420406,0,0.8,0,0.00623191631426664,0.00623191631426664,Inf,0.116774092941054,0.104566188791659,1
2013,11,Manufacturing,6,6,5,Inf,NaN,55.76,0.0329379518926327,0.0362737444704658,Inf,Inf,46.4666666666667,1,0.973457675753228,0.973457675753228,0.0353109549830861,0.0320637020934738,0.000708851188507159,0,0.833333333333333,0,0.0012846865364851,0.0012846865364851,Inf,0.101275045537341,0.0919616275223288,1
