year,id,Field,QRA,LRA,CRA,RTR,ITR,NWR,ATR,ETR,FAT,LTA,CAT,GPM,EBI,NPM,REQ,ROA,CAS,ICU,CEQ,LTE,STF,STD,ICR,DER,LER,TFD
2009,10,Manufacturing,1.08293010752688,2.15406586021505,0.148790322580645,7.16662289915966,2.67537723123255,3.17839569078468,0.680238789600937,1.0270880573563,1.73697610030869,Inf,1.70286249122533,0.218748282369323,0.0923123431230648,0.0876953518623697,0.0900708485834988,0.0596537800044867,0.399467833196241,0.497262304032447,0.0690741751813431,0,0.316738324137804,0.549148414001808,31.58934169279,0.509893397815267,0.337701587776365,0.316738324137804
2010,10,Manufacturing,0.734466329387494,1.48198176072826,0.0910326309412709,5.82875031304783,1.9791922200806,3.95308784564169,0.560154610393361,Inf,1.84554753786377,13.3590862128343,1.28565431144009,0.223500700346306,0.0881920753452321,0.0774161947564256,Inf,0.0433650384119221,0.435696131852052,0.504402585206872,0.0614262829365299,0.0419306082369024,0.251635368234607,0.614666988708411,13.7943548387097,Inf,0.478300633459769,0.355916510677697
2011,10,Manufacturing,0.864527560571627,1.39671045029082,0.0932167481992219,5.09544294567991,3.99880573248408,6.78551315661715,0.642351600272074,1.09055726346343,1.3653085346436,191.201094391245,1.9273028130171,0.209432774311717,0.0435507412283212,0.0408677236563448,0.044568592874643,0.02625144769013,0.333290438810964,0.381025923883067,0.0667402095973525,0.00335956026986782,0.278945720483976,0.580614139064701,16.232,0.697757525631623,0.410987738294391,0.360465636392101
2012,10,Manufacturing,0.605128847418355,1.14981056454896,0.0217772489588878,5.45886458818055,2.61070391767986,12.2594837496081,0.492605314431604,0.836227421125415,1.03459801742689,91.363707165109,1.59730675489836,0.225741831541799,0.0501743229535167,0.0454433088116204,0.0380009409349472,0.0223856154259608,0.308397440204246,0.473714309056003,0.0189398581212641,0.00539169578070411,0.222751333564961,0.652721290032496,10.6054054054054,0.697560697432388,0.410919443697931,0.299474749126285
2013,10,Manufacturing,0.638508371385084,1.18886903580173,0.0440076765270333,5.61866605964034,2.9178741056935,10.8106166783462,0.523519655211908,0.910381151199073,1.08973872195389,Inf,1.7174227664904,0.213492796603303,-0.0199572171714716,-0.0143257653102565,-0.0130419067149591,-0.00749981971587221,0.304828645239014,0.462927915391038,0.0370164208182577,0,0.246518592463189,0.603384077863738,-3.54388489208633,0.738955319666871,0.424940294138857,0.32346393810831
