year,id,Field,QRA,LRA,CRA,RTR,ITR,NWR,ATR,ETR,FAT,LTA,CAT,GPM,EBI,NPM,REQ,ROA,CAS,ICU,CEQ,LTE,STF,STD,ICR,DER,LER,TFD
2012,43,Manufacturing,0.68178435363756,1.679931196617,0.127187686363031,5.37345905830478,2.30299080095398,3.76312737394532,1.22734193255537,2.63123856442694,6.397757101485,Inf,1.52307886390908,0.101593771309034,0.0465976815770515,0.0313148902235595,0.0823969467970259,0.0384340778847427,0.805829534923307,0.594159359019871,0.0757100568280168,0,0.0684367010364095,0.899035372624433,3.04902949331989,1.14385127292817,0.533549732377584,0.118772791924957
2013,43,Manufacturing,0.613968452769912,1.59227746315254,0.14359162854861,5.28912221935927,2.00090450303356,3.77454623464783,1.126958709825,2.42189612368803,5.78343096627261,Inf,1.40401325782944,0.124386481274739,0.0397158225921039,0.0278006698467472,0.0673303345377676,0.0313302070227611,0.802669564222807,0.614408627278868,0.0901800294681764,0,0.0551607589791858,0.942811303399149,3.33321976149915,1.14905488779097,0.534679171908956,0.103433375403769
