year,id,Field,QRA,LRA,CRA,RTR,ITR,NWR,ATR,ETR,FAT,LTA,CAT,GPM,EBI,NPM,REQ,ROA,CAS,ICU,CEQ,LTE,STF,STD,ICR,DER,LER,TFD
1999,45,Manufacturing,NA,NA,NA,NA,NA,NA,NA,NA,NA,NA,NA,NA,NA,NA,NA,NA,NA,NA,NA,NA,NA,NA,NA,NA,NA,NA
2000,45,Manufacturing,0.334146244745817,0.334146244745817,0.0158121183281783,NaN,NaN,0,0,0,NaN,0,0,NaN,Inf,Inf,0.139143133632445,0.0829518706705211,0.0707108002534227,0,0.0473209517593307,0.929289199746577,0.380978602486247,0.524013111756425,Inf,0.677395970792645,0.403837843054163,0.558486018109185
2001,45,Manufacturing,0.26349189801995,0.26349189801995,0.000847010379134877,NaN,NaN,0,0,0,NaN,0,0,NaN,-Inf,-Inf,-0.0427413848361969,-0.0241983042055623,0.0797622968764484,0,0.0032145594817141,0.920235730810877,0.464637877499807,0.697745570926548,-Inf,0.766296698855956,0.433843702109783,0.627303186387049
2002,45,Manufacturing,0.275309917355372,0.275309917355372,0.000581095041322314,NaN,NaN,0,0,NaN,NaN,0,0,NaN,Inf,Inf,Inf,0.0992389618231601,0.0710274535933287,0,0.00211069418386492,0.928972546406671,0.491930077537029,0.783617298473292,Inf,Inf,0.329230737197172,0.708312779063737
2003,45,Manufacturing,0.0548887716521586,0.0548887716521586,0.00233008001406841,NaN,NaN,0,0,0,NaN,0,0,NaN,Inf,Inf,0.276533314650039,0.157096436776302,0.00397541198928215,0,0.0424509411293552,0.996024588010718,0.167693872886916,0.167690186740193,Inf,0.760277446927766,0.431907736053022,0.80087804014951
2004,45,Manufacturing,0.188284902374186,0.188284902374186,0.00328984223016673,NaN,NaN,0,0,0,NaN,0,0,NaN,Inf,Inf,0.283367986624221,0.225093972538402,0.0287492982191485,0,0.0174726820296441,0.971250701780851,0.544289247010958,0.742484856276421,Inf,0.258887492315584,0.205647838981535,0.603616343877852
2005,45,Manufacturing,0.372166892345073,0.372166892345073,0.00599840548714899,NaN,NaN,0,0,0,NaN,0,0,NaN,Inf,Inf,0.182478087749398,0.159834488823285,0.046181387059036,0,0.0161175150464144,0.953818612940964,0.64208248440288,1,Inf,0.141667249320088,0.124087843408211,0.64208248440288
