year,id,Field,QRA,LRA,CRA,RTR,ITR,NWR,ATR,ETR,FAT,LTA,CAT,GPM,EBI,NPM,REQ,ROA,CAS,ICU,CEQ,LTE,STF,STD,ICR,DER,LER,TFD
2010,46,Manufacturing,1.52924861903992,1.91374488640303,0.84683477014815,2.00543281419775,0.979201731185381,0.420159352472493,0.0231585463275489,0.0467391487853055,0.0656789713418106,Inf,0.20061109635033,0.0193245439768828,-2.16260309433508,-1.35187526337969,-0.0631854990742773,-0.0313074659160459,0.115440006803546,0.200913021424603,0.442501388855342,0,0.0982413768328203,0.1195637155474,2.66748347813173,1.018221824546,0.504513623125365,0.353175414647087
