year,id,Field,QRA,LRA,CRA,RTR,ITR,NWR,ATR,ETR,FAT,LTA,CAT,GPM,EBI,NPM,REQ,ROA,CAS,ICU,CEQ,LTE,STF,STD,ICR,DER,LER,TFD
2008,58,Banking,NA,0.70880492378249,0,5.08904752958858,NA,-0.370346571877777,0.0729913829804433,0.24088746609755,2.64980925364374,0.18717826468495,0.152147783693918,NA,0.128982243715161,0.0857174498874082,0.0206482593037215,0.00625663521283877,0.479740034381854,NA,0,0.389956510726815,0.0271656769963506,0.971071472753139,2.98122866894198,2.30022675736961,0.696992396113449,0.0271656769963506
2009,58,Banking,NA,1.03650049732792,0,4.20938263286448,NA,2.30834603482518,0.0508651906554117,0.36733673881886,5.36302178345316,0.719801823340486,0.0812887002883766,NA,0.504842130537436,0.352295009804314,0.129410900003675,0.0179195528406466,0.625735071110306,NA,0,0.0706655484968826,0.0254080611645795,0.700729944253003,3.30941762854145,6.22177060747492,0.8615298028208,0.0254080611645795
2010,58,Banking,NA,1.35897136314246,0,2.8914590747331,NA,0.264451243327692,0.0483518131483606,0.287920452451488,5.62751073555894,0.733753567171188,0.0698546164229278,NA,0,0.271163076923077,0.0780733957958299,0.0131112264281192,0.692177777566187,NA,0,0.0658965289051602,0.0175654915333759,0.612138784548089,0,4.95469815305674,0.832065375221972,0.0175654915333759
2011,58,Banking,NA,1.4624787449068,0,9.59209928863327,NA,0.338189386056191,0.0634180608633262,0.425629797779673,11.1457966936335,22.7395048439182,0.106945419445419,NA,0.292591715976331,0.253917159763314,0.108074709362848,0.0161029338921127,0.592994643362843,NA,0,0.00278889365879432,0.0231143523701118,0.476464681147287,7.56239804241436,5.71149183663875,0.851001830242735,0.0231143523701118
2012,58,Banking,NA,2.0558791103678,0,2.27287371134021,NA,0.0922439266755576,0.0436143812206904,0.285617618821788,10.7898186585099,7.32063445004447,0.0473755653938211,NA,0.51916573858459,0.408322365090615,0.116624061628862,0.017808727291996,0.920609197127995,NA,0,0.00595773242309968,0.0340680255658721,0.528495816152528,4.68292237442922,5.54870276335119,0.847298001430704,0.0340680255658721
2013,58,Banking,NA,0.435668305945384,0,0.544467453965411,NA,-0.0313281956981698,0.0125308343799311,0.0501986686619537,2.57218402961396,1.80817843866171,0.0405801696124277,NA,0,2.41796875,0.121378812116208,0.030299165942099,0.308792065178888,NA,0,0.00693008727015103,0.0132919052074124,0.944564704266696,0,3.00601166210847,0.750375165040415,0.0132919052074124
