year,id,Field,QRA,LRA,CRA,RTR,ITR,NWR,ATR,ETR,FAT,LTA,CAT,GPM,EBI,NPM,REQ,ROA,CAS,ICU,CEQ,LTE,STF,STD,ICR,DER,LER,TFD
2005,73,Manufacturing,Inf,Inf,NaN,Inf,Inf,0.724096808137496,0.724096808137496,0.724096808137496,Inf,Inf,0.724096808137496,0.258670800232513,1.09726797132339,1.09726797132339,0.79452823570677,0.79452823570677,1,0,0,0,NaN,NaN,Inf,0,0,NaN
2006,73,Manufacturing,Inf,Inf,NaN,Inf,Inf,0.460486627790066,0.460486627790066,0.460486627790066,Inf,Inf,0.460486627790066,0.378165938864629,0.232663755458515,0.232663755458515,0.107138548160064,0.107138548160064,1,0,0,0,NaN,NaN,Inf,0,0,NaN
2007,73,Manufacturing,Inf,Inf,NaN,Inf,Inf,0.246921758793082,0.246921758793082,0.246921758793082,Inf,Inf,0.246921758793082,0.537113217671257,0.22117689143266,0.22117689143266,0.0546133870369389,0.0546133870369389,1,0,0,0,NaN,NaN,Inf,0,0,NaN
2008,73,Manufacturing,Inf,Inf,NaN,Inf,Inf,0.633240482822656,0.633240482822656,0.633240482822656,Inf,Inf,0.633240482822656,0.0499039336636667,-0.111133582768733,-0.111133582768733,-0.070374283610284,-0.070374283610284,1,0,0,0,NaN,NaN,-Inf,0,0,NaN
2009,73,Manufacturing,Inf,Inf,NaN,Inf,Inf,0.605199588625003,0.605199588625003,0.605199588625003,Inf,Inf,0.605199588625003,0.292364843503003,0.223008220044262,0.223008220044262,0.134964483030781,0.134964483030781,1,0,0,0,NaN,NaN,Inf,0,0,NaN
2010,73,Manufacturing,0.0267605316004422,0.0635393397865475,0.00151176696225095,13.7422459893048,9.28895705521472,-0.309592077681132,0.0484968578384193,0.465931754723139,0.0547289958470876,Inf,4.56285511363636,-0.178379640438945,-2.00389135341272,-2.00389135341272,-0.933676614570113,-0.0971824340900942,0.0106286210345543,0.578835227272727,0.0237926136363636,0,0.0796189882376731,0.18671008729062,-Inf,8.60746274068971,0.895914246353017,0.473206160897846
