year,id,Field,QRA,LRA,CRA,RTR,ITR,NWR,ATR,ETR,FAT,LTA,CAT,GPM,EBI,NPM,REQ,ROA,CAS,ICU,CEQ,LTE,STF,STD,ICR,DER,LER,TFD
2007,32,1,3.06421422775223,3.71771706789289,2.07698133621856,11.4413591986814,5.48153973509934,1.79624579493202,0.544652341863834,0.708682813432601,9.33464363297817,2.66897367642709,1.31308751200489,0.266207141115716,-0.0123118863449988,-0.0246570181076708,-0.0174740049634028,-0.0134295026557219,0.414787542250121,0.175780681586683,0.558671167893833,0.204068083051666,0.393068558166219,0.482045531593084,-0.998203054806828,0.301157603744542,0.231452197006277,0.725663024486922
2008,32,1,1.0455556004689,1.56186587978495,0.385706778770363,23.3201139351446,6.44382682220308,7.65705035971223,0.545726298518177,0.718210159792701,1.82745831974039,3.15843670247492,2.75454851316028,0.226677816090874,-0.0542313004425319,-0.0735110351112907,-0.052796372273807,-0.0401169050915244,0.198118238219761,0.330572737389684,0.246952560884081,0.172783674306517,0.35407148042188,0.528182245185533,-2.81286549707602,0.316062945368171,0.240157924421884,0.725457961484265
2009,32,1,0.511464372993435,0.629666011787819,0.0701039819828454,13.1944861215304,5.41137123745819,-2.27576502555476,0.308698475660591,0.593280655743235,0.85952523487801,Inf,1.3384764658879,0.241041604480264,-0.192386962887155,-0.281906954927295,-0.167249943077844,-0.087024247264175,0.230634219971742,0.187721167383281,0.111335185114722,0,0.452199526157393,0.763600106111472,-2.14909495077802,0.921877503520741,0.479675474546077,0.676286830285678
