year,id,Field,QRA,LRA,CRA,RTR,ITR,NWR,ATR,ETR,FAT,LTA,CAT,GPM,EBI,NPM,REQ,ROA,CAS,ICU,CEQ,LTE,STF,STD,ICR,DER,LER,TFD
2007,53,1,NA,94.6571428571429,94.5619047619048,NA,NA,0,0,0,0,NA,0,NA,-Inf,-Inf,-0.0349315068493151,-0.0346572032618544,0.750453035336756,NA,0.998993862561626,0,0,1,3.125,0.00799086757990868,0.00792811839323467,0
2008,53,1,NA,4.13664596273292,2.60496894409938,Inf,NA,3.18336633663366,0.441187771008288,0.631471443161285,12.4043209876543,0.689779455934094,2.41381381381381,0.861283901468027,-0.479596914655387,-0.47325205274944,-0.29884515672873,-0.208793018277622,0.182776222624732,NA,0.62972972972973,0.63960700367748,0,0.146630236794171,101.447368421053,0.431298609474428,0.30133377243537,0
2009,53,1,NA,5.27879022877084,4.15858860023265,Inf,NA,2.6483914816493,0.82379636937648,1.65309123819221,38.7086092715232,1.57258932414981,2.14668723372998,0.751685201026518,-0.112301112061591,-0.111685201026518,-0.184625827252673,-0.0920058631187282,0.383752395986019,NA,0.787791978845306,0.523847107903935,0,0.144912063830983,205.125,1.00667458566661,0.501663096177698,0
2010,53,1,NA,6.02947976878613,4.83815028901734,Inf,NA,2.36875071830824,0.481064805629792,1.7941675734494,53.6033810143043,Inf,1.97588917649315,0.777128162829626,0,-0.0293297105844109,-0.0526224156692057,-0.0141094915214677,0.24346750382205,NA,0.802415875754961,0,0,0.0551728536803164,NA,2.72957562568009,0.731872979565162,0
2011,53,1,NA,3.33663248270928,2.9304793703792,Inf,NA,2.59474355702985,0.340054977026024,1.2536430209335,83.2144026186579,Inf,1.81709016832851,0.759125953898198,0,0.10762331838565,0.134921221983875,0.0365978450610967,0.187142599169325,NA,0.878274543440192,0,0,0.0769640234948605,0,2.68658924476662,0.728746563935874,0
2012,53,1,NA,7.76231670007385,6.37873193374829,Inf,NA,0.865631825273011,0.247907926423347,1.26569949132051,66.134684147795,Inf,0.754114625096835,0.689422747670626,0,0.0387838592823544,0.0490887109651224,0.00961482613338337,0.328740377355119,NA,0.821756207613585,0,0,0.0526660851302623,NA,4.10554529072287,0.804138128236403,0
2013,53,1,NA,4.60811024869317,1.20402344368763,Inf,NA,1.35090877162174,0.196986089149793,1.33305896114023,13.3236631305477,Inf,1.05774981953181,0.581862792889409,0,-0.0156803483799682,-0.0209028289217173,-0.00308881050387622,0.186231267084483,NA,0.26128355848888,0,0,0.0474212400282439,NA,5.76727461768401,0.852230025158602,0
